{
  "test_baseline_mae": 494.6625,
  "test_baseline_mape": 0.31165923170534127,
  "test_mae": 177.99236833572388,
  "test_mape": 0.1585000210724888,
  "train_baseline_mae": 451.009375,
  "train_baseline_mape": 0.3189434830690734,
  "train_mae": 124.06780467510224,
  "train_mape": 0.138455571130185
}