{
  "residual_baseline_eta_importance": 0.001373430946841836,
  "residual_baseline_eta_importance_share": 0.0013734308304265141,
  "residual_baseline_related_importance_share": 0.005307705141603947,
  "residual_top_feature_is_baseline_eta": 0.0
}