{
  "test_baseline_bias": -381.4765625,
  "test_baseline_mae": 444.1388125,
  "test_baseline_mape": 0.31628236643836155,
  "test_baseline_p50_abs_error": 307.0,
  "test_baseline_p90_abs_error": 1046.0,
  "test_baseline_rmse": 601.8067044845047,
  "test_baseline_underprediction_rate": 0.7454375,
  "test_mae": 139.6712624223018,
  "test_mape": 0.1409379763126552,
  "test_residual_bias": 0.38466281776037065,
  "test_residual_mae": 139.6712624223018,
  "test_residual_mae_improvement_pct_vs_baseline": 0.6855234028386075,
  "test_residual_mae_improvement_vs_baseline": 304.4675500776982,
  "test_residual_mape": 0.1409379763126552,
  "test_residual_p50_abs_error": 113.24068403244019,
  "test_residual_p90_abs_error": 294.193930053711,
  "test_residual_rmse": 181.4527053117048,
  "test_residual_underprediction_rate": 0.4990625,
  "train_baseline_bias": -406.001859375,
  "train_baseline_mae": 465.040953125,
  "train_baseline_mape": 0.3213674705497175,
  "train_baseline_p50_abs_error": 332.0,
  "train_baseline_p90_abs_error": 1089.0,
  "train_baseline_rmse": 626.1512275775517,
  "train_baseline_underprediction_rate": 0.763703125,
  "train_mae": 143.72814489642602,
  "train_mape": 0.14457273532612394,
  "train_residual_bias": -0.4924623321542167,
  "train_residual_mae": 143.72814489642602,
  "train_residual_mae_improvement_pct_vs_baseline": 0.6909344350629851,
  "train_residual_mae_improvement_vs_baseline": 321.312808228574,
  "train_residual_mape": 0.14457273532612394,
  "train_residual_p50_abs_error": 114.94786486029625,
  "train_residual_p90_abs_error": 312.10624542236326,
  "train_residual_rmse": 188.66230592636157,
  "train_residual_underprediction_rate": 0.49965625
}