{
  "test_baseline_mae": 463.7456875,
  "test_baseline_mape": 0.32263936116639025,
  "test_mae": 150.53322182369232,
  "test_mape": 0.15076696895645228,
  "train_baseline_mae": 460.139234375,
  "train_baseline_mape": 0.3197782218677103,
  "train_mae": 145.43528449237346,
  "train_mape": 0.14506849025464463
}