{
  "test_baseline_mae": 494.6625,
  "test_baseline_mape": 0.31165923170534127,
  "test_mae": 177.82707187652588,
  "test_mape": 0.15509334631500818,
  "train_baseline_mae": 451.009375,
  "train_baseline_mape": 0.3189434830690734,
  "train_mae": 124.9250545501709,
  "train_mape": 0.13759359490878553
}