{
  "test_baseline_mae": 494.6625,
  "test_baseline_mape": 0.31165923170534127,
  "test_mae": 180.00107561111452,
  "test_mape": 0.1569567102433599,
  "train_baseline_mae": 451.009375,
  "train_baseline_mape": 0.3189434830690734,
  "train_mae": 73.12670780420304,
  "train_mape": 0.08069800871351732
}