{
  "train_mae": 46.35920133644622,
  "train_rmse": 72.0674570036753,
  "train_mape": 23.059828395445535,
  "train_median_absolute_error": 32.06926361914063,
  "train_p50": 32.06926361914063,
  "train_p90": 93.48969475624995,
  "train_p95": 147.37712566367182,
  "train_r2": -0.06277416802900904,
  "train_baseline_mae": 50.38511845116279,
  "train_baseline_mape": 22.95008932893286,
  "train_baseline_p50": 32.380547999999976,
  "train_baseline_p95": 173.9882819999999,
  "train_mae_improvement_pct": 7.990290066736283,
  "train_p95_improvement_pct": 15.294798034920598,
  "val_mae": 58.67945269836958,
  "val_rmse": 118.96895928404395,
  "val_mape": 28.419737493207407,
  "val_median_absolute_error": 42.96852720458985,
  "val_p50": 42.96852720458985,
  "val_p90": 84.55928876953125,
  "val_p95": 105.81981286499023,
  "val_r2": -0.08498544368478922,
  "val_baseline_mae": 61.40115280434783,
  "val_baseline_mape": 27.359513555271924,
  "val_baseline_p50": 40.42529449999999,
  "val_baseline_p95": 119.34764724999998,
  "val_mae_improvement_pct": 4.432653104495989,
  "val_p95_improvement_pct": 11.33481446573699,
  "test_mae": 38.453074798267124,
  "test_rmse": 52.2128797844933,
  "test_mape": 20.94535781029693,
  "test_median_absolute_error": 32.31047277734376,
  "test_p50": 32.31047277734376,
  "test_p90": 65.46333730195312,
  "test_p95": 99.54629699062495,
  "test_r2": 0.1862450349621858,
  "test_baseline_mae": 37.95616325531915,
  "test_baseline_mape": 18.343605528486957,
  "test_baseline_p50": 23.078712999999993,
  "test_baseline_p95": 123.74958409999995,
  "test_mae_improvement_pct": -1.3091722142868072,
  "test_p95_improvement_pct": 19.558277537172756,
  "baseline_test_mae": 37.95616325531915,
  "baseline_test_mape": 18.343605528486957,
  "baseline_test_p95": 123.74958409999995,
  "best_epoch": 5.0,
  "inference_time_ms_per_sample": 0.15247446804386663
}