{
  "train_mae": 27.412568004290065,
  "train_rmse": 53.21518512642753,
  "train_mape": 12.796141621948895,
  "train_median_absolute_error": 9.956337597656244,
  "train_p50": 9.956337597656244,
  "train_p90": 66.61996076093749,
  "train_p95": 102.53369558710929,
  "train_r2": 0.4205262742637974,
  "train_baseline_mae": 50.38511845116279,
  "train_baseline_mape": 22.95008932893286,
  "train_baseline_p50": 32.380547999999976,
  "train_baseline_p95": 173.9882819999999,
  "train_mae_improvement_pct": 45.593919699007,
  "train_p95_improvement_pct": 41.06862001941639,
  "val_mae": 55.23728864921239,
  "val_rmse": 120.62624710956894,
  "val_mape": 24.574737520309277,
  "val_median_absolute_error": 28.576485567382818,
  "val_p50": 28.576485567382818,
  "val_p90": 86.94953197607423,
  "val_p95": 118.70380721801756,
  "val_r2": -0.11542460285090717,
  "val_baseline_mae": 61.40115280434783,
  "val_baseline_mape": 27.359513555271924,
  "val_baseline_p50": 40.42529449999999,
  "val_baseline_p95": 119.34764724999998,
  "val_mae_improvement_pct": 10.038678222828054,
  "val_p95_improvement_pct": 0.539466044633252,
  "test_mae": 41.9572694077668,
  "test_rmse": 57.56309348581747,
  "test_mape": 23.715549040468197,
  "test_median_absolute_error": 32.442270164062506,
  "test_p50": 32.442270164062506,
  "test_p90": 81.25232753847656,
  "test_p95": 101.36294074501946,
  "test_r2": 0.01093096087424239,
  "test_baseline_mae": 37.95616325531915,
  "test_baseline_mape": 18.343605528486957,
  "test_baseline_p50": 23.078712999999993,
  "test_baseline_p95": 123.74958409999995,
  "test_mae_improvement_pct": -10.541387245948634,
  "test_p95_improvement_pct": 18.090277650460806,
  "baseline_test_mae": 37.95616325531915,
  "baseline_test_mape": 18.343605528486957,
  "baseline_test_p95": 123.74958409999995,
  "best_epoch": 79.0,
  "inference_time_ms_per_sample": 0.13651063868855226
}