{
  "train_mae": 38.88814835386795,
  "train_rmse": 69.92471341928143,
  "train_mape": 16.710393106459787,
  "train_median_absolute_error": 19.5406453527832,
  "train_p50": 19.5406453527832,
  "train_p90": 95.90423882100828,
  "train_p95": 148.69983032218013,
  "train_r2": -0.0005158769520732243,
  "train_baseline_mae": 50.38511845116279,
  "train_baseline_mape": 22.95008932893286,
  "train_baseline_p50": 32.380547999999976,
  "train_baseline_p95": 173.9882819999999,
  "train_mae_improvement_pct": 22.818186104769424,
  "train_p95_improvement_pct": 14.534571746515546,
  "val_mae": 58.538003806105564,
  "val_rmse": 120.77516008423491,
  "val_mape": 25.62796056436668,
  "val_median_absolute_error": 34.81357523590089,
  "val_p50": 34.81357523590089,
  "val_p90": 102.45775972845459,
  "val_p95": 131.0531349716873,
  "val_r2": -0.11818028373270528,
  "val_baseline_mae": 61.40115280434783,
  "val_baseline_mape": 27.359513555271924,
  "val_baseline_p50": 40.42529449999999,
  "val_baseline_p95": 119.34764724999998,
  "val_mae_improvement_pct": 4.663021567959105,
  "val_p95_improvement_pct": -9.807891476207828,
  "test_mae": 38.2969644309353,
  "test_rmse": 54.500162654173174,
  "test_mape": 19.406647195201273,
  "test_median_absolute_error": 29.31555233709716,
  "test_p50": 29.31555233709716,
  "test_p90": 85.36715505576473,
  "test_p95": 107.58371545208735,
  "test_r2": 0.11338728812880128,
  "test_baseline_mae": 37.95616325531915,
  "test_baseline_mape": 18.343605528486957,
  "test_baseline_p50": 23.078712999999993,
  "test_baseline_p95": 123.74958409999995,
  "test_mae_improvement_pct": -0.8978809931965143,
  "test_p95_improvement_pct": 13.063372103819951,
  "baseline_test_mae": 37.95616325531915,
  "baseline_test_mape": 18.343605528486957,
  "baseline_test_p95": 123.74958409999995,
  "best_epoch": 50.0,
  "inference_time_ms_per_sample": 0.012974469040698829
}