{
  "train_mae": 46.20256788372093,
  "train_rmse": 72.41247639148729,
  "train_mape": 22.572874212040205,
  "train_median_absolute_error": 30.603872999999993,
  "train_p50": 30.603872999999993,
  "train_p90": 96.705149,
  "train_p95": 150.34227939999985,
  "train_r2": -0.07297448406017004,
  "train_baseline_mae": 50.38511845116279,
  "train_baseline_mape": 22.95008932893286,
  "train_baseline_p50": 32.380547999999976,
  "train_baseline_p95": 173.9882819999999,
  "train_mae_improvement_pct": 8.301162517849223,
  "train_p95_improvement_pct": 13.590571921389552,
  "val_mae": 58.25335823913044,
  "val_rmse": 118.49215823202832,
  "val_mape": 27.71894052171946,
  "val_median_absolute_error": 39.16217400000001,
  "val_p50": 39.16217400000001,
  "val_p90": 93.23194800000002,
  "val_p95": 112.87491674999998,
  "val_r2": -0.07630611172991886,
  "val_baseline_mae": 61.40115280434783,
  "val_baseline_mape": 27.359513555271924,
  "val_baseline_p50": 40.42529449999999,
  "val_baseline_p95": 119.34764724999998,
  "val_mae_improvement_pct": 5.126604992658204,
  "val_p95_improvement_pct": 5.423425303425911,
  "test_mae": 38.036364,
  "test_rmse": 52.00800168865998,
  "test_mape": 20.451097367354432,
  "test_median_absolute_error": 30.411599999999993,
  "test_p50": 30.411599999999993,
  "test_p90": 64.841483,
  "test_p95": 98.93603309999996,
  "test_r2": 0.19261869107990182,
  "test_baseline_mae": 37.95616325531915,
  "test_baseline_mape": 18.343605528486957,
  "test_baseline_p50": 23.078712999999993,
  "test_baseline_p95": 123.74958409999995,
  "test_mae_improvement_pct": -0.21129834472827658,
  "test_p95_improvement_pct": 20.051421732414536,
  "baseline_test_mae": 37.95616325531915,
  "baseline_test_mape": 18.343605528486957,
  "baseline_test_p95": 123.74958409999995,
  "inference_time_ms_per_sample": 0.0
}