{
  "train_mae": 35.23939009396948,
  "train_rmse": 65.92712244076051,
  "train_mape": 14.897199797887527,
  "train_median_absolute_error": 16.077959704956072,
  "train_p50": 16.077959704956072,
  "train_p90": 80.47248972824704,
  "train_p95": 135.784833551477,
  "train_r2": 0.11061288154827631,
  "train_baseline_mae": 50.38511845116279,
  "train_baseline_mape": 22.95008932893286,
  "train_baseline_p50": 32.380547999999976,
  "train_baseline_p95": 173.9882819999999,
  "train_mae_improvement_pct": 30.059924086263155,
  "train_p95_improvement_pct": 21.957483578418767,
  "val_mae": 58.47442225045291,
  "val_rmse": 120.75378760007179,
  "val_mape": 26.174388032404476,
  "val_median_absolute_error": 41.10895918255617,
  "val_p50": 41.10895918255617,
  "val_p90": 97.93367992880249,
  "val_p95": 119.34590965539549,
  "val_r2": -0.1177845703118805,
  "val_baseline_mae": 61.40115280434783,
  "val_baseline_mape": 27.359513555271924,
  "val_baseline_p50": 40.42529449999999,
  "val_baseline_p95": 119.34764724999998,
  "val_mae_improvement_pct": 4.7665726459905775,
  "val_p95_improvement_pct": 0.0014559102290909952,
  "test_mae": 37.61157802734813,
  "test_rmse": 52.66096354472357,
  "test_mape": 19.43193197681186,
  "test_median_absolute_error": 27.88195876510622,
  "test_p50": 27.88195876510622,
  "test_p90": 79.71749966597898,
  "test_p95": 101.68414093388363,
  "test_r2": 0.1722180366398588,
  "test_baseline_mae": 37.95616325531915,
  "test_baseline_mape": 18.343605528486957,
  "test_baseline_p50": 23.078712999999993,
  "test_baseline_p95": 123.74958409999995,
  "test_mae_improvement_pct": 0.9078505265484829,
  "test_p95_improvement_pct": 17.83072106996789,
  "baseline_test_mae": 37.95616325531915,
  "baseline_test_mape": 18.343605528486957,
  "baseline_test_p95": 123.74958409999995,
  "best_epoch": 63.0,
  "inference_time_ms_per_sample": 0.015491489667762467
}