{
  "train_mae": 24.242305793876415,
  "train_rmse": 42.17929180822738,
  "train_mape": 11.877512911148417,
  "train_median_absolute_error": 14.39382040388901,
  "train_p50": 14.39382040388901,
  "train_p90": 48.744991851219446,
  "train_p95": 94.52345651546032,
  "train_r2": 0.6359498940497591,
  "train_baseline_mae": 50.38511845116279,
  "train_baseline_mape": 22.95008932893286,
  "train_baseline_p50": 32.380547999999976,
  "train_baseline_p95": 173.9882819999999,
  "train_mae_improvement_pct": 51.88598034680824,
  "train_p95_improvement_pct": 45.67251574134149,
  "val_mae": 60.90723313808735,
  "val_rmse": 120.17992453370962,
  "val_mape": 28.83149827724713,
  "val_median_absolute_error": 42.9451935692842,
  "val_p50": 42.9451935692842,
  "val_p90": 114.27919019336974,
  "val_p95": 121.8660377593175,
  "val_r2": -0.10718563032093886,
  "val_baseline_mae": 61.40115280434783,
  "val_baseline_mape": 27.359513555271924,
  "val_baseline_p50": 40.42529449999999,
  "val_baseline_p95": 119.34764724999998,
  "val_mae_improvement_pct": 0.8044143207446536,
  "val_p95_improvement_pct": -2.110130000336079,
  "test_mae": 44.67452056641875,
  "test_rmse": 62.99855269538931,
  "test_mape": 25.79497042584167,
  "test_median_absolute_error": 31.491600861823684,
  "test_p50": 31.491600861823684,
  "test_p90": 78.5445313582601,
  "test_p95": 104.8225755134134,
  "test_r2": -0.18467575750628784,
  "test_baseline_mae": 37.95616325531915,
  "test_baseline_mape": 18.343605528486957,
  "test_baseline_p50": 23.078712999999993,
  "test_baseline_p95": 123.74958409999995,
  "test_mae_improvement_pct": -17.700306708840223,
  "test_p95_improvement_pct": 15.29460379542929,
  "baseline_test_mae": 37.95616325531915,
  "baseline_test_mape": 18.343605528486957,
  "baseline_test_p95": 123.74958409999995,
  "inference_time_ms_per_sample": 0.7007340425534108,
  "fit_time_s": 0.15765930000043227
}