{
  "train_mae": 24.90419002921082,
  "train_rmse": 40.874111646860726,
  "train_mape": 13.213627240043055,
  "train_median_absolute_error": 15.63762484583333,
  "train_p50": 15.63762484583333,
  "train_p90": 47.15163493694137,
  "train_p95": 93.5268793852892,
  "train_r2": 0.6581313726530023,
  "train_baseline_mae": 50.38511845116279,
  "train_baseline_mape": 22.95008932893286,
  "train_baseline_p50": 32.380547999999976,
  "train_baseline_p95": 173.9882819999999,
  "train_mae_improvement_pct": 50.572330095145226,
  "train_p95_improvement_pct": 46.2452997924945,
  "val_mae": 60.17809924938089,
  "val_rmse": 119.61800246456129,
  "val_mape": 29.359842912284627,
  "val_median_absolute_error": 39.98045427255323,
  "val_p50": 39.98045427255323,
  "val_p90": 103.07370654746866,
  "val_p95": 127.58790138215474,
  "val_r2": -0.09685615885762511,
  "val_baseline_mae": 61.40115280434783,
  "val_baseline_mape": 27.359513555271924,
  "val_baseline_p50": 40.42529449999999,
  "val_baseline_p95": 119.34764724999998,
  "val_mae_improvement_pct": 1.9919065019253737,
  "val_p95_improvement_pct": -6.904412715312041,
  "test_mae": 45.10894970769194,
  "test_rmse": 64.01750516045576,
  "test_mape": 26.889475827225112,
  "test_median_absolute_error": 33.13541902542812,
  "test_p50": 33.13541902542812,
  "test_p90": 79.31110943657463,
  "test_p95": 90.63586685838644,
  "test_r2": -0.2233080882725671,
  "test_baseline_mae": 37.95616325531915,
  "test_baseline_mape": 18.343605528486957,
  "test_baseline_p50": 23.078712999999993,
  "test_baseline_p95": 123.74958409999995,
  "test_mae_improvement_pct": -18.84486164804976,
  "test_p95_improvement_pct": 26.758649317847304,
  "baseline_test_mae": 37.95616325531915,
  "baseline_test_mape": 18.343605528486957,
  "baseline_test_p95": 123.74958409999995,
  "inference_time_ms_per_sample": 0.700691489357191,
  "fit_time_s": 0.20634589999963282
}