{
  "train_mae": 25.084835114905754,
  "train_rmse": 41.02779728115378,
  "train_mape": 13.309717259717896,
  "train_median_absolute_error": 15.952055357506481,
  "train_p50": 15.952055357506481,
  "train_p90": 50.316252643776636,
  "train_p95": 93.95885693878238,
  "train_r2": 0.6555557045923743,
  "train_baseline_mae": 50.38511845116279,
  "train_baseline_mape": 22.95008932893286,
  "train_baseline_p50": 32.380547999999976,
  "train_baseline_p95": 173.9882819999999,
  "train_mae_improvement_pct": 50.21380144373394,
  "train_p95_improvement_pct": 45.99702011036443,
  "val_mae": 60.61247474458962,
  "val_rmse": 120.44615754355553,
  "val_mape": 29.67218592238457,
  "val_median_absolute_error": 41.486345552253475,
  "val_p50": 41.486345552253475,
  "val_p90": 102.67674628899867,
  "val_p95": 125.52556604487222,
  "val_r2": -0.11209653142716292,
  "val_baseline_mae": 61.40115280434783,
  "val_baseline_mape": 27.359513555271924,
  "val_baseline_p50": 40.42529449999999,
  "val_baseline_p95": 119.34764724999998,
  "val_mae_improvement_pct": 1.2844678377151986,
  "val_p95_improvement_pct": -5.176406018236142,
  "test_mae": 44.472505831840266,
  "test_rmse": 63.103603664628636,
  "test_mape": 26.517791782882945,
  "test_median_absolute_error": 30.607267026924774,
  "test_p50": 30.607267026924774,
  "test_p90": 76.08348530104817,
  "test_p95": 89.83386278525482,
  "test_r2": -0.18862997846549834,
  "test_baseline_mae": 37.95616325531915,
  "test_baseline_mape": 18.343605528486957,
  "test_baseline_p50": 23.078712999999993,
  "test_baseline_p95": 123.74958409999995,
  "test_mae_improvement_pct": -17.168075004545997,
  "test_p95_improvement_pct": 27.4067355954412,
  "baseline_test_mae": 37.95616325531915,
  "baseline_test_mape": 18.343605528486957,
  "baseline_test_p95": 123.74958409999995,
  "inference_time_ms_per_sample": 0.7003340425553882,
  "fit_time_s": 0.17134070000020074
}