{
  "train_mae": 50.38511845116279,
  "train_rmse": 79.11834390050386,
  "train_mape": 22.95008932893286,
  "train_median_absolute_error": 32.380547999999976,
  "train_p50": 32.380547999999976,
  "train_p90": 108.37728139999996,
  "train_p95": 173.9882819999999,
  "train_r2": -0.2809051465800967,
  "train_baseline_mae": 50.38511845116279,
  "train_baseline_mape": 22.95008932893286,
  "train_baseline_p50": 32.380547999999976,
  "train_baseline_p95": 173.9882819999999,
  "train_mae_improvement_pct": 0.0,
  "train_p95_improvement_pct": 0.0,
  "val_mae": 61.40115280434783,
  "val_rmse": 123.23866140655244,
  "val_mape": 27.359513555271924,
  "val_median_absolute_error": 40.42529449999999,
  "val_p50": 40.42529449999999,
  "val_p90": 96.87578450000001,
  "val_p95": 119.34764724999998,
  "val_r2": -0.16426148721892364,
  "val_baseline_mae": 61.40115280434783,
  "val_baseline_mape": 27.359513555271924,
  "val_baseline_p50": 40.42529449999999,
  "val_baseline_p95": 119.34764724999998,
  "val_mae_improvement_pct": 0.0,
  "val_p95_improvement_pct": 0.0,
  "test_mae": 37.95616325531915,
  "test_rmse": 56.886930194400605,
  "test_mape": 18.343605528486957,
  "test_median_absolute_error": 23.078712999999993,
  "test_p50": 23.078712999999993,
  "test_p90": 84.59286379999998,
  "test_p95": 123.74958409999995,
  "test_r2": 0.034030633935551835,
  "test_baseline_mae": 37.95616325531915,
  "test_baseline_mape": 18.343605528486957,
  "test_baseline_p50": 23.078712999999993,
  "test_baseline_p95": 123.74958409999995,
  "test_mae_improvement_pct": 0.0,
  "test_p95_improvement_pct": 0.0,
  "baseline_test_mae": 37.95616325531915,
  "baseline_test_mape": 18.343605528486957,
  "baseline_test_p95": 123.74958409999995,
  "baseline_only_test_mae": 37.95616325531915,
  "baseline_only_test_rmse": 56.886930194400605,
  "baseline_only_test_mape": 18.343605528486957,
  "baseline_only_test_median_absolute_error": 23.078712999999993,
  "baseline_only_test_p50": 23.078712999999993,
  "baseline_only_test_p90": 84.59286379999998,
  "baseline_only_test_p95": 123.74958409999995,
  "baseline_only_test_r2": 0.034030633935551835,
  "baseline_only_test_baseline_mae": 37.95616325531915,
  "baseline_only_test_baseline_mape": 18.343605528486957,
  "baseline_only_test_baseline_p50": 23.078712999999993,
  "baseline_only_test_baseline_p95": 123.74958409999995,
  "baseline_only_test_mae_improvement_pct": 0.0,
  "baseline_only_test_p95_improvement_pct": 0.0
}