{
  "train_mae": 48.04297139590297,
  "train_rmse": 68.8340878173291,
  "train_mape": 25.52036711106454,
  "train_median_absolute_error": 36.773673561523424,
  "train_p50": 36.773673561523424,
  "train_p90": 83.54483143730468,
  "train_p95": 124.08518565937497,
  "train_r2": 0.030451100797997288,
  "train_baseline_mae": 50.38511845116279,
  "train_baseline_mape": 22.95008932893286,
  "train_baseline_p50": 32.380547999999976,
  "train_baseline_p95": 173.9882819999999,
  "train_mae_improvement_pct": 4.648489727239631,
  "train_p95_improvement_pct": 28.681872001371318,
  "val_mae": 54.04863893074899,
  "val_rmse": 114.31549521040017,
  "val_mape": 27.989516260506463,
  "val_median_absolute_error": 37.02955701464843,
  "val_p50": 37.02955701464843,
  "val_p90": 84.23496478125,
  "val_p95": 94.08001395556639,
  "val_r2": -0.0017671605850968497,
  "val_baseline_mae": 61.40115280434783,
  "val_baseline_mape": 27.359513555271924,
  "val_baseline_p50": 40.42529449999999,
  "val_baseline_p95": 119.34764724999998,
  "val_mae_improvement_pct": 11.974553469748868,
  "val_p95_improvement_pct": 21.171454885495113,
  "test_mae": 44.913793593770784,
  "test_rmse": 58.53838280370263,
  "test_mape": 25.92006261335515,
  "test_median_absolute_error": 41.98629560058595,
  "test_p50": 41.98629560058595,
  "test_p90": 77.47250801074217,
  "test_p95": 99.30418473710927,
  "test_r2": -0.02286848392441221,
  "test_baseline_mae": 37.95616325531915,
  "test_baseline_mape": 18.343605528486957,
  "test_baseline_p50": 23.078712999999993,
  "test_baseline_p95": 123.74958409999995,
  "test_mae_improvement_pct": -18.330699790834625,
  "test_p95_improvement_pct": 19.753924460171735,
  "baseline_test_mae": 37.95616325531915,
  "baseline_test_mape": 18.343605528486957,
  "baseline_test_p95": 123.74958409999995,
  "inference_time_ms_per_sample": 0.046331915345558146
}