{
  "train_mae": 40.6289118816762,
  "train_rmse": 59.6981448290171,
  "train_mape": 21.39247161996196,
  "train_median_absolute_error": 28.630116007446276,
  "train_p50": 28.630116007446276,
  "train_p90": 75.17586406804199,
  "train_p95": 101.39572137803934,
  "train_r2": 0.2707368567102114,
  "train_baseline_mae": 50.38511845116279,
  "train_baseline_mape": 22.95008932893286,
  "train_baseline_p50": 32.380547999999976,
  "train_baseline_p95": 173.9882819999999,
  "train_mae_improvement_pct": 19.363270087264095,
  "train_p95_improvement_pct": 41.722672232582084,
  "val_mae": 55.40518009999316,
  "val_rmse": 115.60076501437837,
  "val_mape": 27.40408373000761,
  "val_median_absolute_error": 38.43885821014405,
  "val_p50": 38.43885821014405,
  "val_p90": 88.03184460632323,
  "val_p95": 96.34107715100859,
  "val_r2": -0.024419892105889796,
  "val_baseline_mae": 61.40115280434783,
  "val_baseline_mape": 27.359513555271924,
  "val_baseline_p50": 40.42529449999999,
  "val_baseline_p95": 119.34764724999998,
  "val_mae_improvement_pct": 9.765244511712318,
  "val_p95_improvement_pct": 19.27693643662623,
  "test_mae": 42.638594363005296,
  "test_rmse": 56.54646170729341,
  "test_mape": 24.663847900980965,
  "test_median_absolute_error": 35.288686876190184,
  "test_p50": 35.288686876190184,
  "test_p90": 87.86154970737303,
  "test_p95": 106.10398560429684,
  "test_r2": 0.045558693092851765,
  "test_baseline_mae": 37.95616325531915,
  "test_baseline_mape": 18.343605528486957,
  "test_baseline_p50": 23.078712999999993,
  "test_baseline_p95": 123.74958409999995,
  "test_mae_improvement_pct": -12.336418399796921,
  "test_p95_improvement_pct": 14.259117413634298,
  "baseline_test_mae": 37.95616325531915,
  "baseline_test_mape": 18.343605528486957,
  "baseline_test_p95": 123.74958409999995,
  "inference_time_ms_per_sample": 0.01617234034285425,
  "residual_train_mean": 31.637336367441854,
  "residual_prediction_test_mean": 28.959218978881836
}