{
  "train_mae": 41.07239465215333,
  "train_rmse": 63.68677534694079,
  "train_mape": 20.38069200303663,
  "train_median_absolute_error": 29.23561523374366,
  "train_p50": 29.23561523374366,
  "train_p90": 77.69021544777603,
  "train_p95": 120.74615549094531,
  "train_r2": 0.17003244731864553,
  "train_baseline_mae": 50.38511845116279,
  "train_baseline_mape": 22.95008932893286,
  "train_baseline_p50": 32.380547999999976,
  "train_baseline_p95": 173.9882819999999,
  "train_mae_improvement_pct": 18.48308406387113,
  "train_p95_improvement_pct": 30.600984099064,
  "val_mae": 56.52652883071587,
  "val_rmse": 116.90683429650443,
  "val_mape": 26.92245550924554,
  "val_median_absolute_error": 34.86199372399139,
  "val_p50": 34.86199372399139,
  "val_p90": 81.5979623835087,
  "val_p95": 107.21487131909058,
  "val_r2": -0.04769865806223694,
  "val_baseline_mae": 61.40115280434783,
  "val_baseline_mape": 27.359513555271924,
  "val_baseline_p50": 40.42529449999999,
  "val_baseline_p95": 119.34764724999998,
  "val_mae_improvement_pct": 7.938977936073521,
  "val_p95_improvement_pct": 10.165911277240872,
  "test_mae": 40.593433451143916,
  "test_rmse": 54.91945895943453,
  "test_mape": 22.410363283316084,
  "test_median_absolute_error": 35.332686070945755,
  "test_p50": 35.332686070945755,
  "test_p90": 81.0161754487724,
  "test_p95": 100.91917754458593,
  "test_r2": 0.09969252259929162,
  "test_baseline_mae": 37.95616325531915,
  "test_baseline_mape": 18.343605528486957,
  "test_baseline_p50": 23.078712999999993,
  "test_baseline_p95": 123.74958409999995,
  "test_mae_improvement_pct": -6.948200159443628,
  "test_p95_improvement_pct": 18.448875381241805,
  "baseline_test_mae": 37.95616325531915,
  "baseline_test_mape": 18.343605528486957,
  "baseline_test_p95": 123.74958409999995,
  "inference_time_ms_per_sample": 0.01746808510823881,
  "fit_time_s": 0.07447869999987233
}