{
  "train_mae": 42.330172798581316,
  "train_rmse": 61.943071780877176,
  "train_mape": 22.38700020669588,
  "train_median_absolute_error": 32.069408817626964,
  "train_p50": 32.069408817626964,
  "train_p90": 79.95033216816405,
  "train_p95": 109.48928467241198,
  "train_r2": 0.2148582506656479,
  "train_baseline_mae": 50.38511845116279,
  "train_baseline_mape": 22.95008932893286,
  "train_baseline_p50": 32.380547999999976,
  "train_baseline_p95": 173.9882819999999,
  "train_mae_improvement_pct": 15.986755415468476,
  "train_p95_improvement_pct": 37.070885801141465,
  "val_mae": 56.42641332175213,
  "val_rmse": 115.9588531950763,
  "val_mape": 28.086165330402952,
  "val_median_absolute_error": 40.69752516223144,
  "val_p50": 40.69752516223144,
  "val_p90": 89.9362363510132,
  "val_p95": 96.9872256046829,
  "val_r2": -0.03077626545625911,
  "val_baseline_mae": 61.40115280434783,
  "val_baseline_mape": 27.359513555271924,
  "val_baseline_p50": 40.42529449999999,
  "val_baseline_p95": 119.34764724999998,
  "val_mae_improvement_pct": 8.102029449589486,
  "val_p95_improvement_pct": 18.73553619241294,
  "test_mae": 43.383343165872134,
  "test_rmse": 56.4628757182158,
  "test_mape": 25.24861501726725,
  "test_median_absolute_error": 37.579497461212156,
  "test_p50": 37.579497461212156,
  "test_p90": 80.48586611362303,
  "test_p95": 113.41544862482897,
  "test_r2": 0.04837828445489545,
  "test_baseline_mae": 37.95616325531915,
  "test_baseline_mape": 18.343605528486957,
  "test_baseline_p50": 23.078712999999993,
  "test_baseline_p95": 123.74958409999995,
  "test_mae_improvement_pct": -14.298547179402876,
  "test_p95_improvement_pct": 8.350844611178767,
  "baseline_test_mae": 37.95616325531915,
  "baseline_test_mape": 18.343605528486957,
  "baseline_test_p95": 123.74958409999995,
  "inference_time_ms_per_sample": 0.016687234039365766,
  "fit_time_s": 0.12883160000001226
}