{
  "train_mae": 42.638653956690135,
  "train_rmse": 62.21808750960768,
  "train_mape": 22.687639868709546,
  "train_median_absolute_error": 32.2345525322838,
  "train_p50": 32.2345525322838,
  "train_p90": 82.18448519321326,
  "train_p95": 111.82281479385773,
  "train_r2": 0.20787100703951267,
  "train_baseline_mae": 50.38511845116279,
  "train_baseline_mape": 22.95008932893286,
  "train_baseline_p50": 32.380547999999976,
  "train_baseline_p95": 173.9882819999999,
  "train_mae_improvement_pct": 15.374508848244817,
  "train_p95_improvement_pct": 35.72968621308774,
  "val_mae": 57.02171207365443,
  "val_rmse": 116.60330779973654,
  "val_mape": 28.37489099434867,
  "val_median_absolute_error": 43.02454011708261,
  "val_p50": 43.02454011708261,
  "val_p90": 90.96446335721018,
  "val_p95": 98.22028855624768,
  "val_r2": -0.04226541737566869,
  "val_baseline_mae": 61.40115280434783,
  "val_baseline_mape": 27.359513555271924,
  "val_baseline_p50": 40.42529449999999,
  "val_baseline_p95": 119.34764724999998,
  "val_mae_improvement_pct": 7.132505711494222,
  "val_p95_improvement_pct": 17.702367143858634,
  "test_mae": 43.02356983490465,
  "test_rmse": 55.40648097968075,
  "test_mape": 24.934529968747842,
  "test_median_absolute_error": 35.54877065924833,
  "test_p50": 35.54877065924833,
  "test_p90": 81.43573986815034,
  "test_p95": 105.25745806444752,
  "test_r2": 0.08365399148657471,
  "test_baseline_mae": 37.95616325531915,
  "test_baseline_mape": 18.343605528486957,
  "test_baseline_p50": 23.078712999999993,
  "test_baseline_p95": 123.74958409999995,
  "test_mae_improvement_pct": -13.350681799682054,
  "test_p95_improvement_pct": 14.943182371109431,
  "baseline_test_mae": 37.95616325531915,
  "baseline_test_mape": 18.343605528486957,
  "baseline_test_p95": 123.74958409999995,
  "inference_time_ms_per_sample": 0.01698085106135237,
  "fit_time_s": 0.073424299999715
}